{"cameraMode":{"drawMode":0,"name":"Shaded","section":"Shading Mode"},"sceneLighting":true,"audioPlay":false,"sceneViewState":{"m_AlwaysRefresh":false,"showFog":true,"showSkybox":true,"showFlares":true,"showImageEffects":true,"showParticleSystems":true,"showVisualEffectGraphs":true,"m_FxEnabled":true},"in2DMode":false,"pivot":{"x":1.5481791496276856,"y":2.7378063201904299,"z":-4.8592529296875},"rotation":{"x":0.15653589367866517,"y":0.017186611890792848,"z":-0.002731380518525839,"w":0.9875544309616089},"size":13.936579704284668,"orthographic":false}