{"cameraMode":{"drawMode":0,"name":"Shaded","section":"Shading Mode"},"sceneLighting":true,"audioPlay":false,"sceneViewState":{"m_AlwaysRefresh":false,"showFog":true,"showSkybox":true,"showFlares":true,"showImageEffects":true,"showParticleSystems":true,"showVisualEffectGraphs":true,"m_FxEnabled":true},"in2DMode":false,"pivot":{"x":1.038285255432129,"y":-1.316145658493042,"z":13.735633850097657},"rotation":{"x":0.16129067540168763,"y":-0.004737088922411203,"z":0.0007740766741335392,"w":0.9868965148925781},"size":20.97486114501953,"orthographic":false}