{"cameraMode":{"drawMode":0,"name":"Shaded","section":"Shading Mode"},"sceneLighting":true,"audioPlay":false,"sceneViewState":{"m_AlwaysRefresh":false,"showFog":true,"showSkybox":true,"showFlares":true,"showImageEffects":true,"showParticleSystems":true,"showVisualEffectGraphs":true,"m_FxEnabled":true},"in2DMode":false,"pivot":{"x":-2.6489620208740236,"y":2.180971145629883,"z":-2.241720199584961},"rotation":{"x":0.1339825987815857,"y":-0.014862339943647385,"z":0.002008603885769844,"w":0.9908791184425354},"size":10.146989822387696,"orthographic":false}