{"cameraMode":{"drawMode":0,"name":"Shaded","section":"Shading Mode"},"sceneLighting":true,"audioPlay":false,"sceneViewState":{"m_AlwaysRefresh":false,"showFog":true,"showSkybox":true,"showFlares":true,"showImageEffects":true,"showParticleSystems":true,"showVisualEffectGraphs":true,"m_FxEnabled":true},"in2DMode":false,"pivot":{"x":2.9915168285369875,"y":4.483353137969971,"z":-12.078645706176758},"rotation":{"x":0.13517047464847566,"y":0.01545640267431736,"z":-0.002110549947246909,"w":0.9907113909721375},"size":5.356594085693359,"orthographic":false}