{"cameraMode":{"drawMode":0,"name":"Shaded","section":"Shading Mode"},"sceneLighting":true,"audioPlay":false,"sceneViewState":{"m_AlwaysRefresh":false,"showFog":true,"showSkybox":true,"showFlares":true,"showImageEffects":true,"showParticleSystems":true,"showVisualEffectGraphs":true,"m_FxEnabled":true},"in2DMode":false,"pivot":{"x":0.7544556260108948,"y":3.2076914310455324,"z":-12.19713020324707},"rotation":{"x":0.07193451374769211,"y":0.009574982337653637,"z":-0.0006905916961841285,"w":0.997363269329071},"size":4.190553188323975,"orthographic":false}