{"cameraMode":{"drawMode":0,"name":"Shaded","section":"Shading Mode"},"sceneLighting":true,"audioPlay":false,"sceneViewState":{"m_AlwaysRefresh":false,"showFog":true,"showSkybox":true,"showFlares":true,"showImageEffects":true,"showParticleSystems":true,"showVisualEffectGraphs":true,"m_FxEnabled":true},"in2DMode":false,"pivot":{"x":2.8783349990844728,"y":-6.635061264038086,"z":11.92593765258789},"rotation":{"x":0.24351541697978974,"y":0.011052639223635197,"z":-0.0027980455197393896,"w":0.9698477983474731},"size":18.778682708740236,"orthographic":false}