{"cameraMode":{"drawMode":0,"name":"Shaded","section":"Shading Mode"},"sceneLighting":true,"audioPlay":false,"sceneViewState":{"m_AlwaysRefresh":false,"showFog":true,"showSkybox":true,"showFlares":true,"showImageEffects":true,"showParticleSystems":true,"showVisualEffectGraphs":true,"m_FxEnabled":true},"in2DMode":false,"pivot":{"x":-2.0602898597717287,"y":2.772289752960205,"z":0.7264938950538635},"rotation":{"x":0.2563086748123169,"y":-0.00232011079788208,"z":0.0006152745336294174,"w":0.966599702835083},"size":12.315149307250977,"orthographic":false}