{"cameraMode":{"drawMode":0,"name":"Shaded","section":"Shading Mode"},"sceneLighting":true,"audioPlay":false,"sceneViewState":{"m_AlwaysRefresh":false,"showFog":true,"showSkybox":true,"showFlares":true,"showImageEffects":true,"showParticleSystems":true,"showVisualEffectGraphs":true,"m_FxEnabled":true},"in2DMode":false,"pivot":{"x":-0.14027923345565797,"y":2.321134090423584,"z":3.478767156600952},"rotation":{"x":-0.0707412138581276,"y":-0.004796122200787067,"z":0.00033426485606469214,"w":-0.9975050687789917},"size":12.35067081451416,"orthographic":false}