{"cameraMode":{"drawMode":0,"name":"Shaded","section":"Shading Mode"},"sceneLighting":true,"audioPlay":false,"sceneViewState":{"m_AlwaysRefresh":false,"showFog":true,"showSkybox":true,"showFlares":true,"showImageEffects":true,"showParticleSystems":true,"showVisualEffectGraphs":true,"m_FxEnabled":true},"in2DMode":false,"pivot":{"x":20.26003074645996,"y":19.848848342895509,"z":1.6468628644943238},"rotation":{"x":-0.11466792225837708,"y":0.6575929522514343,"z":-0.10220795124769211,"w":-0.7376194596290588},"size":14.477290153503418,"orthographic":false}